System;Constelation;Space;Region
0-4VQL;NPL-WH;Null;Outer Passage
0-ARFO;7X-X1Y;Null;Fade
0-G8NO;ZPI-2E;Null;Detorid
0-U2M4;TPB-KG;Null;Perrigen Falls
0-VG7A;0-YMZM;Null;Insmother
0-WVQS;Belt;Null;Outer Ring
0-XIDJ;E-I1JW;Null;Venal
01TG-J;05M-I1;Null;Impass
08S-39;NOK-FZ;Null;Period Basis
0D-CHA;Sole;Null;Outer Ring
0LTQ-C;49A-BZ;Null;Syndicate
0LY-W1;FQ-COP;Null;Cache
0MV-4W;5YHF-H;Null;Vale of the Silent
0P-U0Q;6I-3VX;Null;Tenerifis
12YA-2;U8-CWA;Null;Pure Blind
15U-JY;Chimera;Null;Fountain
16AM-3;50-5UD;Null;Tenerifis
1GT-MA;N4TD-6;Null;Cobalt Edge
1KAW-T;RFQ-8Y;Null;Detorid
1N-FJ8;DILJ-7;Null;Vale of the Silent
1NZV-7;3TS-12;Null;Malpais
1PF-BC;H7Q-DG;Null;Etherium Reach
1QZ-Y9;DITJ-X;Null;Scalding Pass
1VK-6B;A3-T8B;Null;Vale of the Silent
1W-0KS;A3-T8B;Null;Vale of the Silent
1ZF-PJ;TL-FDN;Null;Insmother
2-F3OE;3-U491;Null;Feythabolis
2-KPW6;ENP-SH;Null;Scalding Pass
25S-6P;BRP2-K;Null;Catch
28O-JY;Miennue;Null;Cloud Ring
2B-3M4;WF-OP4;Null;Stain
2B7A-3;LIB-F9;Null;Branch
2G38-I;JQV5-9;Null;Syndicate
2IGP-1;U7L-MQ;Null;Stain
2PLH-3;Y8-HHZ;Null;Venal
2UK4-N;JQA8-6;Null;Feythabolis
2ULC-J;U-IOR1;Null;Outer Passage
2V-CS5;H-KW4A;Null;Providence
2WU-XT;6GU-AT;Null;Outer Passage
3-BADZ;YZKE-Q;Null;Feythabolis
3-JG3X;04-LOF;Null;Oasa
3-LJW3;MZ-PA2;Null;Detorid
33RB-O;N-U2LX;Null;Deklein
373Z-7;Z01V-Z;Null;Stain
37S-KO;XJ-0RG;Null;Stain
39-DGG;8K-CHA;Null;Geminate
3D5K-R;XLL-Z7;Null;Querious
3DR-CR;M-J57M;Null;Tenal
3GD6-8;9HXQ-G;Null;Catch
3IK-7O;J-78ZG;Null;Etherium Reach
3JN9-Q;A21H-Z;Null;Deklein
3L3N-X;QP6B-I;Null;Tenerifis
3PPT-9;I-CCEI;Null;Paragon Soul
3Q-VZA;5Y1E-3;Null;Wicked Creek
4-07MU;BRP2-K;Null;Catch
4-1ECP;L7-RDZ;Null;Perrigen Falls
4-ABS8;G8-D09;Null;Pure Blind
4-CUM5;IPS-QB;Null;Geminate
4-EFLU;J-9M7D;Null;Wicked Creek
4-QDIX;SLYP-5;Null;Etherium Reach
42-UOW;VH1-NS;Null;Stain
4AZV-W;NOB-HD;Null;Outer Passage
4CJ-AC;0EA3-8;Null;Insmother
4DTQ-K;KWCZ-A;Null;Branch
4E-EZS;7VJ-7M;Null;Scalding Pass
4K0N-J;RJ-1R7;Null;Geminate
4LJ6-Q;N-APJ8;Null;Etherium Reach
4M-P1I;DYK-G8;Null;Great Wildlands
4NDT-W;5F8-PZ;Null;Detorid
4O-ZRI;KPU3-3;Null;Outer Passage
4OIV-X;5J-SSP;Null;Impass
4RX-EE;W9MQ-1;Null;Venal
4XW2-D;Z01V-Z;Null;Stain
5-2PQU;8-4EFQ;Null;Insmother
5-FGQI;YFN-UN;Null;Syndicate
5-O8B1;TJ10-O;Null;Tenal
5-T0PZ;TA-A7V;Null;Syndicate
5-VKCN;59H-0G;Null;Syndicate
51-5XG;QS-FVH;Null;Syndicate
52G-NZ;E-312G;Null;Branch
57-YRU;QS-FVH;Null;Syndicate
5C-RPA;R-CL2W;Null;Insmother
5E-EZC;HNZF-Z;Null;Cobalt Edge
5ED-4E;BB-48X;Null;Cobalt Edge
5HN-D6;G3-MU3;Null;Cobalt Edge
5J4K-9;RFQ-8Y;Null;Detorid
5NQI-E;GU-JZ1;Null;Wicked Creek
5T-KM3;0-8MWQ;Null;Vale of the Silent
5W3-DG;S-B1E4;Null;Deklein
5ZXX-K;U-7RBK;Null;Pure Blind
6-4V20;Tinnimerci;Null;Cloud Ring
6-CZ49;2-M6DE;Null;Syndicate
6-I162;YENX-U;Null;Immensea
6-KPAB;YCM-AI;Null;Scalding Pass
617I-I;MK7-AO;Null;Syndicate
62O-UE;4SRW-B;Null;Detorid
6E-MOW;O6W-QE;Null;Impass
6EK-BV;3WN-1T;Null;Esoteria
6F-H3W;Unicorn;Null;Fountain
6FS-CZ;U-HSM3;Null;The Kalevala Expanse
6L78-1;NK-AOZ;Null;Geminate
6O-XIO;L-H07K;Null;Feythabolis
6OYQ-Z;GFE-SS;Null;Tenal
6QBH-S;W-ULNA;Null;Stain
6U-MFQ;F-W6B4;Null;Oasa
6WW-28;YUT3-U;Null;Vale of the Silent
7-8EOE;RL36-K;Null;Omist
7-A6XV;NZU8-G;Null;Detorid
7-K5EL;OSJ7-I;Null;Vale of the Silent
77-KDQ;Balenne;Null;Cloud Ring
7BX-6F;Chimera;Null;Fountain
7D-PAT;E-72A3;Null;Tenal
7LHB-Z;T-1WDH;Null;Catch
7Q-8Z2;Q-PVMK;Null;Great Wildlands
7T-0QS;PX0-P4;Null;Malpais
7X-02R;Centaur;Null;Fountain
8-AA98;U-IOR1;Null;Outer Passage
8-OZU1;AC-RON;Null;Wicked Creek
86L-9F;2Q-8WA;Null;The Kalevala Expanse
87-1PM;BB-48X;Null;Cobalt Edge
87XQ-0;Hydra;Null;Fountain
88A-RA;QA-P7J;Null;Insmother
89-JPE;SLYP-5;Null;Etherium Reach
8B-SAJ;9NP-KR;Null;Querious
8DL-CP;U-3HAO;Null;Great Wildlands
8F-TK3;LSC-4P;Null;Delve
8KE-YS;8AO-5V;Null;Etherium Reach
8P9-BM;5-88B9;Null;Providence
8R-RTB;Tinnimerci;Null;Cloud Ring
9-02G0;5P4-QA;Null;Detorid
9-266Q;ST-0EZ;Null;Venal
9-8GBA;N-OGI1;Null;Catch
9-980U;W-3E44;Null;Tenerifis
9-ZA4Z;Q0-4FU;Null;Perrigen Falls
92K-H2;N32Z-Z;Null;Venal
99-0GS;U7-GIV;Null;Omist
9IPC-E;W9MQ-1;Null;Venal
9MWZ-B;O5QG-M;Null;Omist
9N-0HF;5F8-PZ;Null;Detorid
9P-870;4M6-GJ;Null;Etherium Reach
9PX2-F;4YFT-F;Null;Scalding Pass
9U-TTJ;GN-ACS;Null;Syndicate
9UY4-H;G2E-RJ;Null;Providence
A-5M31;Sole;Null;Outer Ring
A-BO4V;A-Z7C9;Null;Querious
A-GPTM;XJ-0RG;Null;Stain
A-HZYL;Kraken;Null;Fountain
A1F-22;WXB-RY;Null;Perrigen Falls
A1RR-M;2-ZRM0;Null;Tenal
A3-LOG;H-6HGD;Null;Querious
Abai;Rifenda;High;Tash-Murkon
Abha;Mal;Low;Derelik
Abudban;Ortner;High;Heimatar
AC-7LZ;EL8Z-M;Null;Immensea
AC2E-3;Wyvern;Null;Fountain
Access;Monalaz;Low;Genesis
Adahum;Sanair;High;Tash-Murkon
Adallier;Anwyns;High;Verge Vendor
Adiere;Agiesseson;High;Sinq Laison
Adrallezoen;Wyllequet;High;Sinq Laison
Adrel;Thoulde;High;Essence
Aeter;Orvanne;Low;Solitude
Afivad;Qeti;High;Domain
Agha;Mekashtad;High;Derelik
Agtver;Stadakorn;High;Metropolis
AH-B84;304-QS;Null;Branch
Aharalel;Megeh;High;Kador
Ahkour;Rifenda;High;Tash-Murkon
Ahrosseas;Sanair;High;Tash-Murkon
Ahtulaima;Ruomo;High;The Forge
Aikoro;Arekin;High;The Citadel
Aivoli;Malariya;High;Lonetrek
Aivonen;Ishaga;Low;Black Rise
Ajanen;Kainokai;High;Lonetrek
AJCJ-1;UTZ-7B;Null;Venal
Akhrad;Mekashtad;Low;Derelik
Akkio;Mivora;Low;The Forge
Akora;Ihatalo;Low;The Forge
Aldilur;Gedur;High;Metropolis
Alenia;Anwyns;High;Verge Vendor
Algasienan;Josmaert;High;Placid
Algogille;Crux;High;Essence
Alles;Firille;High;Sinq Laison
Alsavoinon;Amevync;Low;Placid
Altbrard;Almur;Low;Molden Heath
Amattens;Osnins;High;Everyshore
Ameinaka;Ortner;High;Heimatar
Ami;Jatari;Low;Kor-Azor
Amoen;Mallugier;Low;Placid
Ana;Maseend;High;Domain
Anckee;Braille;Low;Solitude
Andole;Eustron;High;Essence
Andrub;Nimedaz;High;Kor-Azor
Anka;Vaarma;Low;The Bleak Lands
Annad;Nimedaz;High;Kor-Azor
Ansasos;Heti;Low;Kador
Antollare;Elalan;High;Everyshore
APES-G;G-HISF;Null;Malpais
Arakor;Peges;High;Tash-Murkon
Arant;Vieres;High;Essence
Arayar;Jayai;Low;Devoid
Arbaz;Parud;High;Domain
ARBX-9;17K-QM;Null;Paragon Soul
Ardar;Tiat;Low;Metropolis
Ardhis;Favo;Low;Kador
Ardishapur Prime;Sosarir;High;Domain
Arifsdald;Fribrodi;Low;Metropolis
Arnon;Peccanouette;High;Essence
Arnstur;Aldodan;Low;Metropolis
Arraron;Aideron;High;Verge Vendor
Arzad;Semou;Low;Devoid
Arzieh;Akar;Low;Khanid
Asabona;Anares;Low;Derelik
Aset;Eugidi;Low;Metropolis
Asgeir;Lorundio;High;Metropolis
Asghatil;Oraron;High;Derelik
Ashab;Parud;High;Domain
Ashmarir;Youledian;Low;Khanid
Asrios;Qermi;High;Kador
Athinard;Odilis;High;Everyshore
Atonder;Argeir;High;Metropolis
Aubonnie;Mallugier;Low;Placid
Augnais;Algintal;High;Sinq Laison
Aulbres;Ganoure;Low;Placid
Auner;Tiat;Low;Metropolis
Aunia;Coriault;High;Sinq Laison
Aurejet;Arniri;High;Khanid
Avair;Liela;Low;Domain
AX-DOT;9HXQ-G;Null;Catch
B-F1MI;RJ-1R7;Null;Geminate
B-G1LG;JG-ZLG;Null;Stain
B-II34;V2S-RH;Null;Insmother
B-VIP9;V-4QJC;Null;Great Wildlands
B-XJX4;T-1WDH;Null;Catch
B9EA-G;Z6T6-B;Null;The Spire
Balle;Disier;High;Sinq Laison
Bamiette;Lolbrerie;High;Sinq Laison
Basgerin;Firille;Low;Sinq Laison
Bayuka;Sazdih;Low;Derelik
Bazadod;Mayonhen;High;Aridia
BEG-RL;VT-LHB;Null;Perrigen Falls
Bekirdod;Subi;Low;Derelik
Bersyrim;Pezarba;Low;Kador
BM-VYZ;3NA-Z1;Null;The Kalevala Expanse
Bogelek;Akimamur;Low;Heimatar
Boranai;Throne Worlds;High;Domain
Bosboger;Huvilma;Low;Heimatar
BOZ1-O;T875-C;Null;Detorid
BR-6XP;E-8CSQ;Null;Vale of the Silent
BU-IU4;T-RQ7S;Null;Branch
BVRQ-O;78-6RI;Null;The Kalevala Expanse
BW-WJ2;QP6B-I;Null;Tenerifis
BWF-ZZ;IPS-QB;Null;Geminate
BY-S36;49A-BZ;Null;Syndicate
C-LP3N;Q5KW-Z;Null;Branch
C-PEWN;O-PQU0;Null;Esoteria
C-VGYO;XPBM-F;Null;Branch
C-WPWH;O5QG-M;Null;Omist
C0T-77;Crown;Null;Outer Ring
C1G-XC;V2S-RH;Null;Insmother
C2X-M5;LLAP-1;Null;Tribute
C3J0-O;U-HSM3;Null;The Kalevala Expanse
C6C-K9;OC-TTA;Null;The Spire
C8VC-S;03C-SU;Null;Tribute
Cailanar;Yestadan;High;Domain
Central Point;EVE;Low;Genesis
CHA2-Q;Satyr;Null;Fountain
Chamja;Mih;Low;Genesis
Chamume;Emsek;Low;Tash-Murkon
Channace;Anwyns;High;Verge Vendor
Chanoun;Araz;High;Kador
Charmerout;Patrie;High;Essence
Cherore;Chasnaye;High;Everyshore
Chibi;Mayonhen;High;Aridia
CHP-76;DA0V-R;Null;Cobalt Edge
CIS-7X;SKX-PL;Null;Syndicate
CJF-1P;W-ULNA;Null;Stain
CJNF-J;RTCU-5;Null;Immensea
CL-J9W;3-U491;Null;Feythabolis
Claulenne;Ancbeu;High;Verge Vendor
CNHV-M;KPU3-3;Null;Outer Passage
Colelie;Algintal;High;Sinq Laison
CR-0E5;JSZ-X6;Null;Esoteria
Crielere;Lolbrerie;Low;Sinq Laison
Croleur;Wyllequet;High;Sinq Laison
CT7-5V;Regalia;Null;Outer Ring
CT8K-0;1VN-XC;Null;Etherium Reach
Cumemare;Alselbosier;Low;Placid
CX-1XF;GP-GIU;Null;Branch
D-0UI0;PR-ACX;Null;Detorid
D-6H64;BVA-Y;Null;Cache
D-6WS1;I9B-8X;Null;Providence
D-FVI7;Q-2BI6;Null;Esoteria
D-I9HJ;KR-XF4;Null;Geminate
D-W7F0;SPNZ-Z;Null;Delve
DAI-SH;E6EO-H;Null;Malpais
Dastryns;Fislipesnes;Low;Placid
DDI-B7;QZJ-FL;Null;Impass
DE71-9;AP-S8F;Null;Great Wildlands
Defsunun;Leseasesh;Low;Aridia
DGDT-3;WE-WLQ;Null;Oasa
Dihra;Ryra;High;Devoid
Dimoohan;Homroon;Low;Khanid
DJK-67;5Z0Y-S;Null;Omist
DK0-N8;XHL-TZ;Null;Cobalt Edge
Dom-Aphis;Mih;Low;Genesis
Doussivitte;Agiesseson;High;Sinq Laison
Dunraelare;Jonenor;High;Sinq Laison
DUU1-K;I-3ODK;Null;Feythabolis
DUV-5Y;6-V49K;Null;Syndicate
DY-40Z;1A-WYQ;Null;Impass
E-B957;G3-MU3;Null;Cobalt Edge
E-BFLT;Z6T6-B;Null;The Spire
E-BYOS;SI1-CF;Null;Cobalt Edge
E-DOF2;NOK-FZ;Null;Period Basis
E-FIC0;S-B1E4;Null;Deklein
E-VKJV;4QZ-2M;Null;Querious
E-WMT7;B-MQ0Y;Null;Perrigen Falls
E3-SDZ;T-1WDH;Null;Catch
E51-JE;NZU8-G;Null;Detorid
E7VE-V;05M-I1;Null;Impass
Earwik;Inkelm;High;Metropolis
Ebidan;Throne Worlds;High;Domain
Ebtesham;Norgoh;High;Domain
ED-L9T;LI-BA0;Null;Querious
Egbonbet;Stadakorn;High;Metropolis
Eglennaert;Coriault;High;Sinq Laison
Egmar;Angils;Low;Metropolis
EIH-IU;J-9M7D;Null;Wicked Creek
EK2-ET;XHYS-O;Null;Venal
EKPB-3;IV-LWJ;Null;Insmother
Ekura;Okela;High;Lonetrek
Enaluri;Ishaga;Low;Black Rise
EOY-BG;M-J57M;Null;Tenal
EPCD-D;3NA-Z1;Null;The Kalevala Expanse
Eram;Meinigefur;High;Metropolis
Erindur;Hulf;High;Metropolis
Erstet;Ergruk;Low;Metropolis
Erstur;Aptetter;High;Metropolis
Erzoh;Qeti;High;Domain
ES-UWY;Rapture;Null;Curse
Esteban;Kehina;High;Domain
Esubara;Leseasesh;Low;Aridia
Eszur;Essin;Low;Metropolis
ETO-OT;OC-TTA;Null;The Spire
EU0I-T;SKX-PL;Null;Syndicate
EUU-4N;0-YMZM;Null;Insmother
Evaulon;Amevync;Low;Placid
EX-0LQ;ZW-BY5;Null;Catch
Eygfe;Ankard;High;Metropolis
Eygfe;Ankard;High;Metropolis
Eystur;Sveipar;High;Heimatar
F-749O;X-VN63;Null;Tribute
F-9PXR;1-A81R;Null;Delve
F-TQWO;1M4-FN;Null;Malpais
F-UVBV;R2-BT6;Null;Esoteria
F-ZBO0;BZZ-1U;Null;Tenerifis
F2-NXA;QI1M-Q;Null;Scalding Pass
F3-8X2;N-LY4R;Null;Insmother
F39H-1;E-95ID;Null;Insmother
F4R2-Q;EM-L3K;Null;Catch
F5-CGW;T-W4L3;Null;Great Wildlands
F5FO-U;Heart;Null;Outer Ring
F69O-M;PG-RWX;Null;Etherium Reach
F9E-KX;UX3-N2;Null;Catch
Fabin;Kekah;High;Domain
Fanathor;Alpakian;Low;Khanid
Faspera;Ananah;Low;Derelik
Faswiba;Mofa;Low;Domain
FD-MLJ;Z-6NQ6;Null;Syndicate
FDZ4-A;N-K4Q0;Null;Geminate
FE-6YQ;CL-QB2;Null;Tenerifis
Fihrneh;Ombil;Low;Aridia
Fildar;Ankard;High;Metropolis
Firbha;Fekhoya;High;Khanid
Fluekele;Algintal;High;Sinq Laison
Fovihi;Kalangin;High;Derelik
Frarn;Odengsolf;High;Heimatar
FRTC-5;IJE6-J;Null;Immensea
FS-RFL;BUG6-X;Null;Vale of the Silent
FSW-3C;4BZ-R3;Null;Providence
FV-SE8;Y-2D6Q;Null;Stain
FV-YEA;QJ2-0M;Null;Cobalt Edge
FV1-RQ;I-WRVM;Null;Cobalt Edge
FYD-TO;P-I9PF;Null;Scalding Pass
G-4H4C;AJG-MV;Null;Esoteria
G-AOTH;T-HHHT;Null;Catch
G-G78S;Tranquility;Null;Curse
G-ME2K;H26A-B;Null;Stain
G-UTHL;Griffin;Null;Fountain
G-YZUX;3WN-1T;Null;Esoteria
G2-INZ;KUSW-P;Null;Esoteria
G8AD-C;Prelle;Null;Cloud Ring
G9L-LP;AC-RON;Null;Wicked Creek
Galeh;Mofa;Low;Domain
Gallareue;Jonenor;High;Sinq Laison
Gallusiene;Mallugier;Low;Placid
GC-LTF;PR-ACX;Null;Detorid
GDHN-K;0EA3-8;Null;Insmother
GE-94X;ZW-BY5;Null;Catch
Gidali;Amdimmah;High;Khanid
GK5Z-T;0EA3-8;Null;Insmother
GL6S-2;GDBW-2;Null;Malpais
GN-PDU;4YFT-F;Null;Scalding Pass
GN7-XY;ZQ2-CF;Null;Providence
GPD5-0;760-9C;Null;Wicked Creek
GQ2S-8;GEP-XF;Null;Paragon Soul
GR-X26;5F8-PZ;Null;Detorid
GTB-O4;E1L-UY;Null;The Spire
GU-9F4;QZJ-FL;Null;Impass
Gulfonodi;Fittakan;High;Molden Heath
Gyerzen;Mise;Low;Tash-Murkon
H-29TM;4LEZ-6;Null;Perrigen Falls
H-EBQG;WS5L-X;Null;Malpais
H-HWQR;AU-S0B;Null;Tenerifis
H-NOU5;UK-MI6;Null;Vale of the Silent
H-S80W;Kraken;Null;Fountain
H4X-0I;P-FL48;Null;The Spire
H5N-V7;Y-M7ML;Null;Scalding Pass
H8-ZTO;TCC-ZV;Null;Paragon Soul
H90-C9;U7-GIV;Null;Omist
Habu;Charak;High;Genesis
Hadji;Mih;High;Genesis
Hadonoo;Avib;High;Domain
Hahyil;Aguh;Low;Derelik
Haine;Arand;Low;Essence
Hakeri;Panorad;High;Metropolis
Hakodan;Ichida;High;The Bleak Lands
Hakonen;Mito;Low;Lonetrek
Hakshma;Daredan;High;Devoid
Halenan;Enka;High;Devoid
Halibai;Trigentia;High;Kador
Hasama;Ieyama;Low;The Citadel
Hasateem;Bedaleya;Low;Derelik
HB-1NJ;L-TEVM;Null;Great Wildlands
HB-5L3;N4TD-6;Null;Cobalt Edge
HBD-CC;E-I1JW;Null;Venal
HD-AJ7;5ZR-29;Null;Wicked Creek
HD-HOZ;8UD2-J;Null;The Kalevala Expanse
Hedaleolfarber;Almur;Low;Molden Heath
Hegfunden;Elfrard;Low;Molden Heath
Hesarid;Ashela;Low;Genesis
Heydieles;Jeon;Low;Essence
HG-YEQ;MW49-U;Null;Malpais
HHE5-L;AJG-MV;Null;Esoteria
HIK-MC;Z6T6-B;Null;The Spire
Hikansog;Naloran;High;Kador
Hilaban;Arvachah;High;Tash-Murkon
Hilfhurmur;Brazinget;High;Metropolis
Hiremir;Pezarba;Low;Kador
Hishai;Finaka;High;Khanid
Hjoramold;Ani;High;Metropolis
HKYW-T;KR-XF4;Null;Geminate
HL-VZX;FD-7Y4;Null;Insmother
HM-XR2;B4H-9W;Null;Delve
HMF-9D;Chimera;Null;Fountain
HO4E-Q;D4J-PP;Null;Oasa
Hodrold;Hulf;High;Metropolis
Hoona;Mimishia;High;Tash-Murkon
Hoseen;Ombil;Low;Aridia
HP-6Z6;H-KW4A;Null;Providence
HPBE-D;5Y1E-3;Null;Wicked Creek
HPV-RJ;U-HSM3;Null;The Kalevala Expanse
Hrokkur;Tartatven;Low;Molden Heath
Hulmate;Balrille;Low;Essence
Huna;Selonat;Low;Aridia
Hutian;Mazake;High;Domain
Hykanima;Urpiken;Low;Black Rise
Hysera;Otawasa;Low;The Citadel
I-7JR4;T-RQ7S;Null;Branch
I-8D0G;XR9-LP;Null;Catch
I-9GI1;HOV-VI;Null;Detorid
I-CUVX;Hydra;Null;Fountain
I-MGAB;Q-6LG1;Null;Providence
I6-SYN;5HN-S5;Null;Cache
I9-ZQZ;42-WDG;Null;Feythabolis
IAK-JW;WQZ8-4;Null;Scalding Pass
IBOX-2;4R-HUN;Null;Malpais
IG-4OF;0PS-L5;Null;Oasa
IGE-RI;Sphinx;Null;Fountain
Ihal;Ananah;High;Derelik
Ikoskio;Kurala;Low;Black Rise
Illamur;Besateoden;Low;Molden Heath
Immuri;Ishaga;Low;Black Rise
Innia;Inolari;Low;Black Rise
IO-R2S;3RU-10;Null;Oasa
IP6V-X;O5K-Y6;Null;Delve
IPX-H5;9D1V-O;Null;Esoteria
IRD-HU;RDD-E6;Null;Etherium Reach
Irjunen;Suon;High;The Citadel
IS-R7P;NNLX-K;Null;Catch
Isenan;Arand;Low;Essence
Ishomilken;Ieyama;Low;The Citadel
Isid;Mareerieh;Low;Aridia
Isseras;Sela;High;Lonetrek
Isutaka;Outartoh;High;The Citadel
Ithar;Qermi;High;Kador
Itsyamil;Kabo;Low;Devoid
Ivih;Mise;High;Tash-Murkon
IX8-JB;T-W4L3;Null;Great Wildlands
Iyen-Oursta;Gallente Border Zone;High;Sinq Laison
J-AYLV;V-H3V0;Null;Stain
J-OAH2;2Q-8WA;Null;The Kalevala Expanse
J-RXYN;760-9C;Null;Wicked Creek
J055520;K-C00334;W-Space;K-R00033
J110145;K-C00334;W-Space;K-R00033
J164710;K-C00334;W-Space;K-R00033
J174618;K-C00334;W-Space;K-R00033
J200727;K-C00334;W-Space;K-R00033
J52-BH;BI-NFW;Null;Branch
J7-BDX;0FC-ZX;Null;Wicked Creek
J7A-UR;Paradise;Null;Curse
J7X-VN;6GU-AT;Null;Outer Passage
J9A-BH;WXB-RY;Null;Perrigen Falls
JA-G0T;4R-HUN;Null;Malpais
JA-O6J;A-JI5E;Null;Catch
Jakanerva;Okomon;High;The Forge
Jambu;Nakid;High;Domain
JAUD-V;8T-OLH;Null;Esoteria
JC-YX8;U8-CWA;Null;Pure Blind
Jennim;Moghiz;High;Kador
JEQG-7;GU-JZ1;Null;Wicked Creek
JGOW-Y;Sphinx;Null;Fountain
JI1-SY;G3IP-E;Null;Tenerifis
JKJ-VJ;Wield;Null;Outer Ring
JLO-Z3;02QH-A;Null;Scalding Pass
Jondik;Ankard;High;Metropolis
Joppaya;Mazake;High;Domain
JPEZ-R;VT-LHB;Null;Perrigen Falls
JQU-KY;RF9-ZU;Null;Wicked Creek
JT2I-7;6-CBBM;Null;The Kalevala Expanse
JU-UYK;Z01V-Z;Null;Stain
Juddi;Mossas;High;Derelik
JWZ2-V;XR9-LP;Null;Catch
JXQJ-B;4ZXC-8;Null;Oasa
JZ-B5Y;VSC-W9;Null;Cache
JZ-UQC;VT-LHB;Null;Perrigen Falls
JZV-F4;88G-M4;Null;Vale of the Silent
K-MGJ7;Tranquility;Null;Curse
K-X5AX;I-3ODK;Null;Feythabolis
K-XJJT;J0-59Y;Null;The Spire
K-YL9T;E1L-UY;Null;The Spire
K1Y-5H;P6N8-J;Null;Providence
K3JR-J;48R-PS;Null;Venal
K42-IE;8K-CHA;Null;Geminate
K7-LDX;51ZT-6;Null;Scalding Pass
K76A-3;XPG-HE;Null;The Kalevala Expanse
Kaunokka;Otawasa;High;The Citadel
Kausaaja;Arekin;High;The Citadel
KBAK-I;F-I56R;Null;Delve
KCT-0A;Sphinx;Null;Fountain
KD-KPR;IV-LWJ;Null;Insmother
KED-2O;O9X-CV;Null;Oasa
KEJY-U;8ET-D1;Null;Querious
Kerepa;Ajah;High;Tash-Murkon
KFR-ZE;59H-0G;Null;Syndicate
KGCF-5;7-ZDOK;Null;Outer Passage
KGT3-6;N-APJ8;Null;Etherium Reach
Khabara;Jatari;Low;Kor-Azor
Kirras;Kainokai;High;Lonetrek
KMC-WI;JE7-F2;Null;Branch
KMH-J1;8G-JN6;Null;Etherium Reach
KMV-CQ;9P57-V;Null;Tenal
Knophtikoo;Mulata;High;Domain
Komaa;Ohvarainen;High;The Bleak Lands
Komo;Santenpaa;High;The Citadel
Konola;Imurukka;High;The Citadel
Korama;Sela;High;Lonetrek
KPI-OW;OC-TTA;Null;The Spire
KQK1-2;MDM8-J;Null;Pure Blind
KR8-27;Y-LRWI;Null;Omist
Krilmokenur;Erada;High;Heimatar
Kuharah;Mamouna;Low;Derelik
Kuhri;Homroon;Low;Khanid
Kulelen;Kantanen;High;The Citadel
Kurniainen;Tandoiras;Low;The Bleak Lands
Kusomonmon;Tasen;High;The Citadel
KW-OAM;ZQ7-QS;Null;Tenerifis
L-1SW8;Unicorn;Null;Fountain
L-AS00;8MJO-4;Null;Omist
L-QQ6P;5P4-QA;Null;Detorid
L-TOFR;V1G-63;Null;Geminate
L-Z9NB;XHL-TZ;Null;Cobalt Edge
L5-UWT;0YMH-Q;Null;Insmother
L6B-0N;W-ULNA;Null;Stain
L7XS-5;EM-L3K;Null;Catch
L8-WNE;PR-ACX;Null;Detorid
Laah;Santenpaa;High;The Citadel
Lamadent;Aeman;Low;Sinq Laison
Lari;Tsemshatel;High;Tash-Murkon
Larkugei;Erada;High;Heimatar
Lasleinur;Aldodan;Low;Metropolis
LBC-AW;ENP-SH;Null;Scalding Pass
LD-2VL;D9DM-O;Null;Paragon Soul
LE-67X;S4S-SD;Null;The Kalevala Expanse
Leremblompes;Giatole;High;Everyshore
Lermireve;Nadire;Low;Sinq Laison
LGK-VP;5VN-B7;Null;Stain
LGL-SD;WF-OP4;Null;Stain
Lirerim;Rollera;High;Metropolis
LMM7-L;BVA-YH;Null;Cache
LQ-OAI;02QH-A;Null;Scalding Pass
LRWD-B;BZ-10K;Null;Branch
LS9B-9;0-8MWQ;Null;Vale of the Silent
LW-YEW;9BGY-6;Null;Perrigen Falls
LX-ZOJ;NK-AOZ;Null;Geminate
M-CNUD;VS-8P0;Null;Cache
M-HU4V;BZ-10K;Null;Branch
M-NP5O;MY-HQD;Null;The Spire
M-SRKS;F-I56R;Null;Delve
M2-2V1;XMNF-7;Null;Venal
M4-KX5;TY0-Q2;Null;Perrigen Falls
M9-FIB;5Z0Y-S;Null;Omist
Madomi;Reya;High;Genesis
Mahtista;Ruomo;High;The Forge
Maire;Elose;High;Solitude
Malma;Ubar;High;Genesis
Mani;Mise;High;Tash-Murkon
Marosier;Ysiette;High;Everyshore
Masanuh;Gebem;High;Kor-Azor
MC4C-H;C9XB-L;Null;Outer Passage
Mendori;Kabo;High;Devoid
Mercomesier;Serthoulde;Low;Placid
Merolles;Anwyns;High;Verge Vendor
Mesybier;Patrie;High;Essence
MGAM-4;88G-M4;Null;Vale of the Silent
MH9C-S;4BZ-R3;Null;Providence
Miah;Parrosa;High;Kador
MJ-5F9;VT-LHB;Null;Perrigen Falls
MJYW-3;Prelle;Null;Cloud Ring
MJYW-3;Prelle;Null;Cloud Ring
MKD-O8;A-Z7C9;Null;Querious
Moclinamaud;Pegeler;Low;Placid
MOCW-2;0-YMZM;Null;Insmother
Moh;Sazdih;High;Derelik
Mora;Gebem;High;Kor-Azor
Mormoen;Osnins;High;Everyshore
Moro;Sib;High;Khanid
MQ-O27;A3-T8B;Null;Vale of the Silent
MS1-KJ;EIX-HK;Null;Tenerifis
MTO2-2;TPB-KG;Null;Perrigen Falls
Murzi;Maddam;High;Domain
MXX5-9;UTQ-BO;Null;Deklein
Mya;Chasnaye;Low;Everyshore
MZ1E-P;RFY-QB;Null;Deklein
MZLW-9;WE-WLQ;Null;Oasa
N-I024;KPU3-3;Null;Outer Passage
N-O53U;FD-7Y4;Null;Insmother
N-Q5PW;1G-8KY;Null;Venal
N-RAEL;I3-2J0;Null;Great Wildlands
N-RMSH;P6N8-J;Null;Providence
N-TFXK;N-U2LX;Null;Deklein
N-YLOE;XI0-X2;Null;Malpais
N5Y-4N;48R-PS;Null;Venal
N7-BIY;N-LY4R;Null;Insmother
Nadohman;Kehina;High;Domain
Nahrneder;Akar;Low;Khanid
Nakis;Alpakian;Low;Khanid
Nakregde;Gebem;High;Kor-Azor
Nakri;Zemont;High;Domain
Nakugard;Ani;High;Metropolis
Nasreri;Fabas;High;Genesis
NB-ALM;PR-ACX;Null;Detorid
NBW-GD;GDBW-2;Null;Malpais
NE-3GR;K-DLD2;Null;Great Wildlands
Nedegulf;Gedur;High;Metropolis
NEH-CS;XPBM-F;Null;Branch
Nema;Tid;Low;Aridia
New Eden;EVE;Low;Genesis
NG-M8K;MRC-29;Null;Cache
Nidebora;Enka;High;Devoid
Nifshed;Sosarir;High;Domain
Nimambal;Hevaka;High;Derelik
Nisuwa;Okakuola;Low;Black Rise
NIZJ-0;7ZRW-G;Null;Esoteria
NJ4X-S;W-XBGF;Null;Tribute
Nomaa;Anttanen;High;The Forge
Nomash;Mazake;Low;Domain
Nouta;Selonat;Low;Aridia
NS2L-4;Q-IPAA;Null;Immensea
NSBE-L;QI1M-Q;Null;Scalding Pass
NSI-MW;XI0-X2;Null;Malpais
Nuken;Aulari;High;The Forge
NZW-ZO;EIX-HK;Null;Tenerifis
O-7LAI;U-EUG7;Null;Insmother
O-CT8N;WF-OP4;Null;Stain
O-IVNH;Balenne;Null;Cloud Ring
O-JPKH;304-QS;Null;Branch
O-LR1H;E-8CSQ;Null;Vale of the Silent
O-MCZR;17K-QM;Null;Paragon Soul
O-N589;D9DM-O;Null;Paragon Soul
O-QKSM;Q0-4FU;Null;Perrigen Falls
O1Y-ED;UWRZ-2;Null;Fade
O2O-2X;74IL-O;Null;Geminate
O3L-95;H-6HGD;Null;Querious
O7-7UX;K-ZKBM;Null;Immensea
Obanen;Onirvura;High;The Forge
Oberen;Heti;Low;Kador
Obrolber;Osta;High;Heimatar
Odin;Ryra;High;Devoid
Odinesyn;Orvanne;High;Solitude
Odinesyn;Orvanne;High;Solitude
Ogaria;Elerelle;Low;Solitude
OGL8-Q;XR9-LP;Null;Catch
OGY-6D;K-JO26;Null;Querious
Ohkunen;Orpana;Low;The Forge
Oicx;Amevync;Low;Placid
Oishami;Malariya;High;Lonetrek
OJ-CT4;L-1T22;Null;Venal
OKEO-X;RL36-K;Null;Omist
Onatoh;Isoma;Low;The Citadel
Onnamon;Aokinen;High;Black Rise
OP7-BP;9BGY-6;Null;Perrigen Falls
Ordize;Kalangin;High;Derelik
Orien;Besateoden;High;Molden Heath
Osaa;Orpana;Low;The Forge
Ossa;Okunda;High;Lonetrek
Osvetur;Eoldulf;Low;Molden Heath
Otelen;Sasen;High;The Bleak Lands
OTJ9-E;E65-47;Null;The Spire
Otomainen;Okkelen;High;The Forge
Otraren;Benurad;High;Heimatar
OU-X3P;Tinnimerci;Null;Cloud Ring
Ourapheh;Sanctum;High;Genesis
Outuni;Ihilakken;High;The Forge
OXC-UL;AV-SCL;Null;Feythabolis
OXIY-V;AZBG-H;Null;Providence
P3EN-E;Z-DO53;Null;Vale of the Silent
P5-EFH;Taurus;Null;Fountain
P65-TA;E1L-UY;Null;The Spire
P7MI-T;MZ-PA2;Null;Detorid
P7Z-R3;C-ULS4;Null;Branch
P8-BKO;RHG-4O;Null;Feythabolis
P9F-ZG;O-PQU0;Null;Esoteria
Pain;Alselbosier;Low;Placid
Parses;Fekhoya;High;Khanid
Pashanai;Ubar;High;Genesis
Paye;Anidaza;High;Tash-Murkon
PE-H02;AJG-MV;Null;Esoteria
PE-SAM;X7-FTR;Null;Perrigen Falls
PEK-8Z;E-IFSA;Null;Tenerifis
Pera;Emsek;High;Tash-Murkon
Pertnineere;Elose;Low;Solitude
Peyiri;Parrosa;High;Kador
PFV-ZH;LWMW-6;Null;Perrigen Falls
Phoren;Nasorin;High;Tash-Murkon
Pimsu;Somi;High;Tash-Murkon
PNS7-J;M-J57M;Null;Tenal
PO-3QW;C45-9Y;Null;Feythabolis
Poitot;Z-6NQ6;Null;Syndicate
POQP-K;2747-4;Null;Malpais
PQRE-W;GJH-1C;Null;Detorid
Pserz;Maal;Low;Aridia
Pucherie;Ambrye;High;Sinq Laison
PWPY-4;D-YKXH;Null;Malpais
PXF-RF;Minotaur;Null;Fountain
PZMA-E;EK-NQ2;Null;Impass
Q-K2T7;ENP-SH;Null;Scalding Pass
Q-NA5H;DITJ-X;Null;Scalding Pass
Q-NJZ4;GP-GIU;Null;Branch
Q-R3GP;DMXN-3;Null;Vale of the Silent
Q-XEB3;Manticore;Null;Fountain
Q1-R7K;7ZRW-G;Null;Esoteria
Q1U-IU;1D-65L;Null;Tenal
QA1-BT;Assilot;Null;Cloud Ring
QBL-BV;4BZ-R3;Null;Providence
QFRV-2;AGI1-F;Null;Outer Passage
QHH-13;X5O9-E;Null;Outer Passage
QK-CDG;JQA8-6;Null;Feythabolis
QKTR-L;UBPU-9;Null;Geminate
QM-20X;IYOO-M;Null;Great Wildlands
QOK-SX;IM-8S5;Null;Outer Passage
QQ3-YI;IYOO-M;Null;Great Wildlands
QR-K85;AZBG-H;Null;Providence
QSCO-D;MW49-U;Null;Malpais
QY6-RK;W-4U1E;Null;Delve
R-2R0G;LY-FY6;Null;Pure Blind
R-ARKN;E-ILCH;Null;Esoteria
R-ESG0;AP-S8F;Null;Great Wildlands
R-ORB7;IJE6-J;Null;Immensea
R0-DMM;3GK-WS;Null;Wicked Creek
R1O-GN;P-B2NE;Null;The Kalevala Expanse
R3W-XU;Wyvern;Null;Fountain
Raa;Semou;Low;Devoid
Raihbaka;Inolari;Low;Black Rise
Rakapas;Okakuola;Low;Black Rise
Raneilles;Obray;High;Verge Vendor
Rannoze;Comadu;Low;Kor-Azor
Rauntaka;Pietanen;High;Lonetrek
Rayeret;Favo;High;Kador
RD-FWY;N5V-Y0;Null;Insmother
Remoriu;Nasorin;High;Tash-Murkon
Reteka;Amdimmah;High;Khanid
RF-CN3;F-RA63;Null;Querious
Rimbah;Armi;Low;Domain
RJBC-I;S-Q02B;Null;Oasa
RO-0PZ;M9-AN3;Null;Etherium Reach
Rokofur;Wiedadur;High;Heimatar
RORZ-H;LN-L8L;Null;Pure Blind
Roushzar;Jayai;Low;Devoid
RUF3-O;GDBW-2;Null;Malpais
Rumida;Ajah;High;Tash-Murkon
Ruvas;Karnola;High;Lonetrek
RXA-W1;E-UBWI;Null;The Spire
RY-2FX;X7-FTR;Null;Perrigen Falls
RYQC-I;OY3-DM;Null;Period Basis
RZ-PIY;1RG-GU;Null;Detorid
RZC-16;304Z-R;Null;Pure Blind
S-1LIO;9P57-V;Null;Tenal
S-51XG;T875-C;Null;Detorid
S-DN5M;UTQ-BO;Null;Deklein
S-MDYI;304Z-R;Null;Pure Blind
S-NJBB;YUT3-U;Null;Vale of the Silent
S5W-1Z;PX0-P4;Null;Malpais
S8-NSQ;03C-SU;Null;Tribute
Safilbab;Ajah;High;Tash-Murkon
Saikamon;Vaarma;Low;The Bleak Lands
Sakulda;Almur;Low;Molden Heath
Salah;Naloran;High;Kador
Salashayama;Mekashtad;High;Derelik
Saminer;Anidaza;Low;Tash-Murkon
Sankkasen;Uusasai;High;The Citadel
Santola;Uusasai;High;The Citadel
Sassecho;Budar;Low;Khanid
Sasta;San Matar;High;Derelik
Sazre;Nohshayess;High;Khanid
Scolluzer;Ancbeu;High;Verge Vendor
Scuelazyns;Elalan;High;Everyshore
Seiradih;Mulata;High;Domain
Sendaya;Anares;Low;Derelik
Serad;Mal;High;Derelik
Seshala;Seevadin;Low;Khanid
SH1-6P;52-JKU;Null;Tribute
SH6X-F;78-6RI;Null;The Kalevala Expanse
Shach;Mal;Low;Derelik
Shaha;Finena;High;Kor-Azor
Shala;Mossas;High;Derelik
Shamahi;Anares;Low;Derelik
Sharji;Yekti;High;Domain
Sharuveil;Disier;Low;Sinq Laison
Shenela;Anares;High;Derelik
Shihuken;Anttanen;High;The Forge
Shuria;Mobit;High;Domain
Sibe;Ashela;High;Genesis
Sigga;Ekrin;High;Genesis
Simela;Aven;High;Genesis
Sirekur;Essin;Low;Metropolis
Sist;Osta;High;Heimatar
Situner;Stadakorn;High;Metropolis
SN9S-N;E-ILCH;Null;Esoteria
SNFV-I;A-JI5E;Null;Catch
Sobenah;Armi;Low;Domain
Somouh;Hoosa;High;Domain
Sosan;Jayai;Low;Devoid
Sotrentaira;Haurala;High;Lonetrek
Soza;Maal;Low;Aridia
SPLE-Y;Manticore;Null;Fountain
SR-KBB;N-K4Q0;Null;Geminate
Stegette;Stion;High;Sinq Laison
Stoure;Goins;High;Solitude
SVB-RE;BI-NFW;Null;Branch
SY-OLX;LWMW-6;Null;Perrigen Falls
SY-UWN;HOV-VI;Null;Detorid
SZ6-TA;X-FHU3;Null;Tenal
T-0JWP;D-95MV;Null;Detorid
T-AKQZ;6I-3VX;Null;Tenerifis
T-K10W;E-72A3;Null;Tenal
T-LIWS;DS-M4Q;Null;Syndicate
T-Q2DD;BZ-10K;Null;Branch
T-Z6J2;Regalia;Null;Outer Ring
TA9T-P;3NA-Z1;Null;The Kalevala Expanse
Tabbetzur;Rollera;Low;Metropolis
Tahli;Reya;High;Genesis
TAL1-3;BXT7-V;Null;Perrigen Falls
Talidal;Sib;High;Khanid
Tama;Isoma;Low;The Citadel
Tartoken;Umamon;Low;Lonetrek
TCAG-3;N-39FI;Null;Period Basis
TDE4-H;74IL-O;Null;Geminate
Teshkat;Sukanan;Low;Tash-Murkon
Teskanen;Kurala;Low;Black Rise
TET3-B;V-LQBF;Null;Great Wildlands
Tew;Subhatoub;High;Tash-Murkon
TFPT-U;J33-JR;Null;Outer Passage
Thakala;Abthi;Low;Devoid
Tierijev;Aideron;High;Verge Vendor
TJM-JJ;F-ZNNG;Null;Geminate
TL-T9Z;JG-ZLG;Null;Stain
Toustain;Mobrault;Low;Solitude
Tralasa;Orus;High;Kor-Azor
TU-O0T;XV7L-S;Null;Providence
Tunttaras;Okela;High;Lonetrek
TV8-HS;YB7B-8;Null;Querious
TXME-A;Z-D6K5;Null;Deklein
TYB-69;D-95MV;Null;Detorid
Tzashrah;Sib;High;Khanid
U-BXU9;L-H07K;Null;Feythabolis
U-INPD;WMP-OF;Null;Pure Blind
U-MFTL;D-95MV;Null;Detorid
U-QMOA;5HN-S5;Null;Cache
U-RELP;O9X-CV;Null;Oasa
U-TJ7Y;D-AWFI;Null;Deklein
U104-3;DJ-XCW;Null;Wicked Creek
U2-28D;02QH-A;Null;Scalding Pass
U93O-A;FQ-COP;Null;Cache
U9SE-N;DOCS-O;Null;Oasa
U9U-TQ;YENX-U;Null;Immensea
UAYL-F;Kraken;Null;Fountain
UB5Z-3;OFQ-HG;Null;Feythabolis
UC3H-Y;K-QUVW;Null;Pure Blind
Uchomida;Aokinen;High;Black Rise
UD-VZW;1ANT-J;Null;Feythabolis
UI-8ZE;0A-73B;Null;Pure Blind
Ukkalen;Otsabaira;High;The Forge
UKYS-5;Q4IG-S;Null;Stain
Unel;Agiesseson;High;Sinq Laison
UNJ-GX;V-4QJC;Null;Great Wildlands
Uotila;Santenpaa;High;The Citadel
Uoyonen;Okomon;High;The Forge
Ustnia;Moghiz;High;Kador
UT-UZB;V-LQBF;Null;Great Wildlands
Uusanen;Vaarma;Low;The Bleak Lands
UVHO-F;K-JO26;Null;Querious
UYU-VV;8BO-IH;Null;Querious
V-F6DQ;CN5-F2;Null;Scalding Pass
V-QXXK;E-95ID;Null;Insmother
V0DF-2;1P-VL2;Null;Tribute
V6-NY1;Minotaur;Null;Fountain
V7D-JD;Paradise;Null;Curse
V89M-R;HRJG-D;Null;Great Wildlands
Valmu;Kashag;Low;Domain
Varigne;Besateoden;High;Molden Heath
VBPT-T;N5V-Y0;Null;Insmother
Vecamia;Nazdirer;Low;Genesis
VI2K-J;0-8MWQ;Null;Vale of the Silent
Vifrevaert;Vieres;Low;Essence
VQE-CN;J8-G8K;Null;Period Basis
Vuorrassi;Mito;High;Lonetrek
VVB-QH;UL8-RD;Null;Malpais
VWES-Y;Q0-4FU;Null;Perrigen Falls
W-4FA9;LIB-F9;Null;Branch
W-UQA5;03C-SU;Null;Tribute
W6V-VM;8BO-IH;Null;Querious
WB-AYY;QP6B-I;Null;Tenerifis
WEQT-K;H-QXM7;Null;Stain
Weraroix;Orvanne;High;Solitude
WFFE-4;YCM-AI;Null;Scalding Pass
WH-2EZ;UBPU-9;Null;Geminate
WH-JCA;52-JKU;Null;Tribute
WHG2-7;41JS-R;Null;Stain
WIO-OL;J33-JR;Null;Outer Passage
WPV-JN;1VN-XC;Null;Etherium Reach
WV-0R2;X-FHU3;Null;Tenal
WV0D-1;7VJ-7M;Null;Scalding Pass
WW-KGD;LY-FY6;Null;Pure Blind
Wysalan;Thoulde;High;Essence
X-0CKQ;O6W-QE;Null;Impass
X-41DA;HNZF-Z;Null;Cobalt Edge
X-CYNC;S-Q02B;Null;Oasa
X-EHHD;8MJO-4;Null;Omist
X-M9ON;Miennue;Null;Cloud Ring
X-Z4JW;CZ-06R;Null;Oasa
X36Y-G;UWRZ-2;Null;Fade
X5O1-L;JG-ZLG;Null;Stain
X6-J6R;AV-SCL;Null;Feythabolis
X9V-15;51ZT-6;Null;Scalding Pass
XA5-TY;5P4-QA;Null;Detorid
XCBK-X;RFY-QB;Null;Deklein
XD-TOV;03C-SU;Null;Tribute
XFBE-T;R-IZDC;Null;Stain
XKM-DE;4ZXC-8;Null;Oasa
XQP-9C;E-95ID;Null;Insmother
XSQ-TF;YDS0-Y;Null;Vale of the Silent
XT-R36;Yrton;Null;Cloud Ring
XTVZ-E;G-HISF;Null;Malpais
XU7-CH;O5PO-O;Null;Perrigen Falls
XUPK-Z;X5O9-E;Null;Outer Passage
Y-770C;CZ-06R;Null;Oasa
Y-C4AL;YENX-U;Null;Immensea
Y-EQ0C;EIX-HK;Null;Tenerifis
Y-FZ5N;EL8Z-M;Null;Immensea
Y-K50G;Hale;Null;Curse
Y-ORBJ;QP6B-I;Null;Tenerifis
Y-RAW3;HNZF-Z;Null;Cobalt Edge
Y-XZA7;D-YKXH;Null;Malpais
Y1-UQ2;H26A-B;Null;Stain
Y19P-1;K-ZKBM;Null;Immensea
Y4-GQV;V-LQBF;Null;Great Wildlands
Y6-HPG;1G-8KY;Null;Venal
Yashunen;Caldari Border Zone;High;The Citadel
Yeder;Tsemshatel;High;Tash-Murkon
Yeeramoun;Chardu;High;Domain
YG-82V;E-312G;Null;Branch
Yoma;Asalola;High;Lonetrek
YQM-P1;J33-JR;Null;Outer Passage
YRNJ-8;Taurus;Null;Fountain
YRV-MZ;FY6-NK;Null;Esoteria
Yuhelia;Maseend;High;Domain
YUY-LM;K-DLD2;Null;Great Wildlands
Yuzier;San Matar;High;Derelik
Yvelet;Goins;High;Solitude
YZ9-F6;6-UCYU;Null;Delve
Z-2Y2Y;T875-C;Null;Detorid
Z-7OK1;RL36-K;Null;Omist
Z-8Q65;5YHF-H;Null;Vale of the Silent
Z-K495;E-312G;Null;Branch
Z-M5A1;OY3-DM;Null;Period Basis
Z-N9IP;EK-NQ2;Null;Impass
Z-PNIA;C45-9Y;Null;Feythabolis
Z-UZZN;F-RA63;Null;Querious
Z-YN5Y;Basilisk;Null;Fountain
Z3V-1W;XPJ1-6;Null;Delve
Z9PP-H;Centaur;Null;Fountain
ZA0L-U;F-V9QW;Null;Vale of the Silent
Zahefeus;Homroon;Low;Khanid
Zaimeth;Zemont;High;Domain
ZD1-Z2;CL-QB2;Null;Tenerifis
ZID-LE;3-PC31;Null;Feythabolis
Ziona;Mobit;High;Domain
Ziriert;Jakemhih;Low;Domain
ZK-YQ3;O-EOI9;Null;Tenal
ZM-DNR;BB8E-G;Null;Great Wildlands
ZN0-SR;Y4Y7-Q;Null;Syndicate
ZO-4AR;N5V-Y0;Null;Insmother
ZO-P5K;W-3E44;Null;Tenerifis
ZOPZ-6;WS5L-X;Null;Malpais
ZOYW-O;S-B1E4;Null;Deklein
ZQ-Z3Y;T-HHHT;Null;Catch
ZXB-VC;NJU-QV;Null;Delve
ZZK-VF;2FYX-H;Null;Outer Passage
